{
  "meta": {
    "administrative_area_level": [
      1,
      2
    ],
    "updated_at": "2025-07-04",
    "source": "Kepmendagri via wilayah.id"
  },
  "provinces": [
    {
      "code": "11",
      "name": "Aceh",
      "regencies": [
        {
          "code": "11.05",
          "name": "Kabupaten Aceh Barat",
          "type": "Kabupaten"
        },
        {
          "code": "11.12",
          "name": "Kabupaten Aceh Barat Daya",
          "type": "Kabupaten"
        },
        {
          "code": "11.06",
          "name": "Kabupaten Aceh Besar",
          "type": "Kabupaten"
        },
        {
          "code": "11.14",
          "name": "Kabupaten Aceh Jaya",
          "type": "Kabupaten"
        },
        {
          "code": "11.01",
          "name": "Kabupaten Aceh Selatan",
          "type": "Kabupaten"
        },
        {
          "code": "11.10",
          "name": "Kabupaten Aceh Singkil",
          "type": "Kabupaten"
        },
        {
          "code": "11.16",
          "name": "Kabupaten Aceh Tamiang",
          "type": "Kabupaten"
        },
        {
          "code": "11.04",
          "name": "Kabupaten Aceh Tengah",
          "type": "Kabupaten"
        },
        {
          "code": "11.02",
          "name": "Kabupaten Aceh Tenggara",
          "type": "Kabupaten"
        },
        {
          "code": "11.03",
          "name": "Kabupaten Aceh Timur",
          "type": "Kabupaten"
        },
        {
          "code": "11.08",
          "name": "Kabupaten Aceh Utara",
          "type": "Kabupaten"
        },
        {
          "code": "11.17",
          "name": "Kabupaten Bener Meriah",
          "type": "Kabupaten"
        },
        {
          "code": "11.11",
          "name": "Kabupaten Bireuen",
          "type": "Kabupaten"
        },
        {
          "code": "11.13",
          "name": "Kabupaten Gayo Lues",
          "type": "Kabupaten"
        },
        {
          "code": "11.15",
          "name": "Kabupaten Nagan Raya",
          "type": "Kabupaten"
        },
        {
          "code": "11.07",
          "name": "Kabupaten Pidie",
          "type": "Kabupaten"
        },
        {
          "code": "11.18",
          "name": "Kabupaten Pidie Jaya",
          "type": "Kabupaten"
        },
        {
          "code": "11.09",
          "name": "Kabupaten Simeulue",
          "type": "Kabupaten"
        },
        {
          "code": "11.71",
          "name": "Kota Banda Aceh",
          "type": "Kota"
        },
        {
          "code": "11.74",
          "name": "Kota Langsa",
          "type": "Kota"
        },
        {
          "code": "11.73",
          "name": "Kota Lhokseumawe",
          "type": "Kota"
        },
        {
          "code": "11.72",
          "name": "Kota Sabang",
          "type": "Kota"
        },
        {
          "code": "11.75",
          "name": "Kota Subulussalam",
          "type": "Kota"
        }
      ]
    },
    {
      "code": "51",
      "name": "Bali",
      "regencies": [
        {
          "code": "51.03",
          "name": "Kabupaten Badung",
          "type": "Kabupaten"
        },
        {
          "code": "51.06",
          "name": "Kabupaten Bangli",
          "type": "Kabupaten"
        },
        {
          "code": "51.08",
          "name": "Kabupaten Buleleng",
          "type": "Kabupaten"
        },
        {
          "code": "51.04",
          "name": "Kabupaten Gianyar",
          "type": "Kabupaten"
        },
        {
          "code": "51.01",
          "name": "Kabupaten Jembrana",
          "type": "Kabupaten"
        },
        {
          "code": "51.07",
          "name": "Kabupaten Karangasem",
          "type": "Kabupaten"
        },
        {
          "code": "51.05",
          "name": "Kabupaten Klungkung",
          "type": "Kabupaten"
        },
        {
          "code": "51.02",
          "name": "Kabupaten Tabanan",
          "type": "Kabupaten"
        },
        {
          "code": "51.71",
          "name": "Kota Denpasar",
          "type": "Kota"
        }
      ]
    },
    {
      "code": "36",
      "name": "Banten",
      "regencies": [
        {
          "code": "36.02",
          "name": "Kabupaten Lebak",
          "type": "Kabupaten"
        },
        {
          "code": "36.01",
          "name": "Kabupaten Pandeglang",
          "type": "Kabupaten"
        },
        {
          "code": "36.04",
          "name": "Kabupaten Serang",
          "type": "Kabupaten"
        },
        {
          "code": "36.03",
          "name": "Kabupaten Tangerang",
          "type": "Kabupaten"
        },
        {
          "code": "36.72",
          "name": "Kota Cilegon",
          "type": "Kota"
        },
        {
          "code": "36.73",
          "name": "Kota Serang",
          "type": "Kota"
        },
        {
          "code": "36.71",
          "name": "Kota Tangerang",
          "type": "Kota"
        },
        {
          "code": "36.74",
          "name": "Kota Tangerang Selatan",
          "type": "Kota"
        }
      ]
    },
    {
      "code": "17",
      "name": "Bengkulu",
      "regencies": [
        {
          "code": "17.01",
          "name": "Kabupaten Bengkulu Selatan",
          "type": "Kabupaten"
        },
        {
          "code": "17.09",
          "name": "Kabupaten Bengkulu Tengah",
          "type": "Kabupaten"
        },
        {
          "code": "17.03",
          "name": "Kabupaten Bengkulu Utara",
          "type": "Kabupaten"
        },
        {
          "code": "17.04",
          "name": "Kabupaten Kaur",
          "type": "Kabupaten"
        },
        {
          "code": "17.08",
          "name": "Kabupaten Kepahiang",
          "type": "Kabupaten"
        },
        {
          "code": "17.07",
          "name": "Kabupaten Lebong",
          "type": "Kabupaten"
        },
        {
          "code": "17.06",
          "name": "Kabupaten Mukomuko",
          "type": "Kabupaten"
        },
        {
          "code": "17.02",
          "name": "Kabupaten Rejang Lebong",
          "type": "Kabupaten"
        },
        {
          "code": "17.05",
          "name": "Kabupaten Seluma",
          "type": "Kabupaten"
        },
        {
          "code": "17.71",
          "name": "Kota Bengkulu",
          "type": "Kota"
        }
      ]
    },
    {
      "code": "34",
      "name": "Daerah Istimewa Yogyakarta",
      "regencies": [
        {
          "code": "34.02",
          "name": "Kabupaten Bantul",
          "type": "Kabupaten"
        },
        {
          "code": "34.03",
          "name": "Kabupaten Gunungkidul",
          "type": "Kabupaten"
        },
        {
          "code": "34.01",
          "name": "Kabupaten Kulon Progo",
          "type": "Kabupaten"
        },
        {
          "code": "34.04",
          "name": "Kabupaten Sleman",
          "type": "Kabupaten"
        },
        {
          "code": "34.71",
          "name": "Kota Yogyakarta",
          "type": "Kota"
        }
      ]
    },
    {
      "code": "31",
      "name": "DKI Jakarta",
      "regencies": [
        {
          "code": "31.01",
          "name": "Kabupaten Administrasi Kepulauan Seribu",
          "type": "Kota"
        },
        {
          "code": "31.73",
          "name": "Kota Administrasi Jakarta Barat",
          "type": "Kota"
        },
        {
          "code": "31.71",
          "name": "Kota Administrasi Jakarta Pusat",
          "type": "Kota"
        },
        {
          "code": "31.74",
          "name": "Kota Administrasi Jakarta Selatan",
          "type": "Kota"
        },
        {
          "code": "31.75",
          "name": "Kota Administrasi Jakarta Timur",
          "type": "Kota"
        },
        {
          "code": "31.72",
          "name": "Kota Administrasi Jakarta Utara ",
          "type": "Kota"
        }
      ]
    },
    {
      "code": "75",
      "name": "Gorontalo",
      "regencies": [
        {
          "code": "75.02",
          "name": "Kabupaten Boalemo",
          "type": "Kabupaten"
        },
        {
          "code": "75.03",
          "name": "Kabupaten Bone Bolango",
          "type": "Kabupaten"
        },
        {
          "code": "75.01",
          "name": "Kabupaten Gorontalo",
          "type": "Kabupaten"
        },
        {
          "code": "75.05",
          "name": "Kabupaten Gorontalo Utara",
          "type": "Kabupaten"
        },
        {
          "code": "75.04",
          "name": "Kabupaten Pohuwato",
          "type": "Kabupaten"
        },
        {
          "code": "75.71",
          "name": "Kota Gorontalo",
          "type": "Kota"
        }
      ]
    },
    {
      "code": "15",
      "name": "Jambi",
      "regencies": [
        {
          "code": "15.02",
          "name": "Kabupaten  Merangin",
          "type": "Kabupaten"
        },
        {
          "code": "15.05",
          "name": "Kabupaten  Muaro Jambi",
          "type": "Kabupaten"
        },
        {
          "code": "15.04",
          "name": "Kabupaten Batanghari",
          "type": "Kabupaten"
        },
        {
          "code": "15.08",
          "name": "Kabupaten Bungo",
          "type": "Kabupaten"
        },
        {
          "code": "15.01",
          "name": "Kabupaten Kerinci",
          "type": "Kabupaten"
        },
        {
          "code": "15.03",
          "name": "Kabupaten Sarolangun",
          "type": "Kabupaten"
        },
        {
          "code": "15.06",
          "name": "Kabupaten Tanjung Jabung Barat",
          "type": "Kabupaten"
        },
        {
          "code": "15.07",
          "name": "Kabupaten Tanjung Jabung Timur",
          "type": "Kabupaten"
        },
        {
          "code": "15.09",
          "name": "Kabupaten Tebo",
          "type": "Kabupaten"
        },
        {
          "code": "15.71",
          "name": "Kota Jambi",
          "type": "Kota"
        },
        {
          "code": "15.72",
          "name": "Kota Sungai Penuh",
          "type": "Kota"
        }
      ]
    },
    {
      "code": "32",
      "name": "Jawa Barat",
      "regencies": [
        {
          "code": "32.04",
          "name": "Kabupaten Bandung",
          "type": "Kabupaten"
        },
        {
          "code": "32.17",
          "name": "Kabupaten Bandung Barat",
          "type": "Kabupaten"
        },
        {
          "code": "32.16",
          "name": "Kabupaten Bekasi",
          "type": "Kabupaten"
        },
        {
          "code": "32.01",
          "name": "Kabupaten Bogor",
          "type": "Kabupaten"
        },
        {
          "code": "32.07",
          "name": "Kabupaten Ciamis",
          "type": "Kabupaten"
        },
        {
          "code": "32.03",
          "name": "Kabupaten Cianjur",
          "type": "Kabupaten"
        },
        {
          "code": "32.09",
          "name": "Kabupaten Cirebon",
          "type": "Kabupaten"
        },
        {
          "code": "32.05",
          "name": "Kabupaten Garut",
          "type": "Kabupaten"
        },
        {
          "code": "32.12",
          "name": "Kabupaten Indramayu",
          "type": "Kabupaten"
        },
        {
          "code": "32.15",
          "name": "Kabupaten Karawang",
          "type": "Kabupaten"
        },
        {
          "code": "32.08",
          "name": "Kabupaten Kuningan",
          "type": "Kabupaten"
        },
        {
          "code": "32.10",
          "name": "Kabupaten Majalengka",
          "type": "Kabupaten"
        },
        {
          "code": "32.18",
          "name": "Kabupaten Pangandaran",
          "type": "Kabupaten"
        },
        {
          "code": "32.14",
          "name": "Kabupaten Purwakarta",
          "type": "Kabupaten"
        },
        {
          "code": "32.13",
          "name": "Kabupaten Subang",
          "type": "Kabupaten"
        },
        {
          "code": "32.02",
          "name": "Kabupaten Sukabumi",
          "type": "Kabupaten"
        },
        {
          "code": "32.11",
          "name": "Kabupaten Sumedang",
          "type": "Kabupaten"
        },
        {
          "code": "32.06",
          "name": "Kabupaten Tasikmalaya",
          "type": "Kabupaten"
        },
        {
          "code": "32.73",
          "name": "Kota Bandung",
          "type": "Kota"
        },
        {
          "code": "32.79",
          "name": "Kota Banjar",
          "type": "Kota"
        },
        {
          "code": "32.75",
          "name": "Kota Bekasi",
          "type": "Kota"
        },
        {
          "code": "32.71",
          "name": "Kota Bogor",
          "type": "Kota"
        },
        {
          "code": "32.77",
          "name": "Kota Cimahi",
          "type": "Kota"
        },
        {
          "code": "32.74",
          "name": "Kota Cirebon",
          "type": "Kota"
        },
        {
          "code": "32.76",
          "name": "Kota Depok",
          "type": "Kota"
        },
        {
          "code": "32.72",
          "name": "Kota Sukabumi",
          "type": "Kota"
        },
        {
          "code": "32.78",
          "name": "Kota Tasikmalaya",
          "type": "Kota"
        }
      ]
    },
    {
      "code": "33",
      "name": "Jawa Tengah",
      "regencies": [
        {
          "code": "33.04",
          "name": "Kabupaten Banjarnegara",
          "type": "Kabupaten"
        },
        {
          "code": "33.02",
          "name": "Kabupaten Banyumas",
          "type": "Kabupaten"
        },
        {
          "code": "33.25",
          "name": "Kabupaten Batang",
          "type": "Kabupaten"
        },
        {
          "code": "33.16",
          "name": "Kabupaten Blora",
          "type": "Kabupaten"
        },
        {
          "code": "33.09",
          "name": "Kabupaten Boyolali",
          "type": "Kabupaten"
        },
        {
          "code": "33.29",
          "name": "Kabupaten Brebes",
          "type": "Kabupaten"
        },
        {
          "code": "33.01",
          "name": "Kabupaten Cilacap",
          "type": "Kabupaten"
        },
        {
          "code": "33.21",
          "name": "Kabupaten Demak",
          "type": "Kabupaten"
        },
        {
          "code": "33.15",
          "name": "Kabupaten Grobogan",
          "type": "Kabupaten"
        },
        {
          "code": "33.20",
          "name": "Kabupaten Jepara",
          "type": "Kabupaten"
        },
        {
          "code": "33.13",
          "name": "Kabupaten Karanganyar",
          "type": "Kabupaten"
        },
        {
          "code": "33.05",
          "name": "Kabupaten Kebumen",
          "type": "Kabupaten"
        },
        {
          "code": "33.24",
          "name": "Kabupaten Kendal",
          "type": "Kabupaten"
        },
        {
          "code": "33.10",
          "name": "Kabupaten Klaten",
          "type": "Kabupaten"
        },
        {
          "code": "33.19",
          "name": "Kabupaten Kudus",
          "type": "Kabupaten"
        },
        {
          "code": "33.08",
          "name": "Kabupaten Magelang",
          "type": "Kabupaten"
        },
        {
          "code": "33.18",
          "name": "Kabupaten Pati",
          "type": "Kabupaten"
        },
        {
          "code": "33.26",
          "name": "Kabupaten Pekalongan",
          "type": "Kabupaten"
        },
        {
          "code": "33.27",
          "name": "Kabupaten Pemalang",
          "type": "Kabupaten"
        },
        {
          "code": "33.03",
          "name": "Kabupaten Purbalingga",
          "type": "Kabupaten"
        },
        {
          "code": "33.06",
          "name": "Kabupaten Purworejo",
          "type": "Kabupaten"
        },
        {
          "code": "33.17",
          "name": "Kabupaten Rembang",
          "type": "Kabupaten"
        },
        {
          "code": "33.22",
          "name": "Kabupaten Semarang",
          "type": "Kabupaten"
        },
        {
          "code": "33.14",
          "name": "Kabupaten Sragen",
          "type": "Kabupaten"
        },
        {
          "code": "33.11",
          "name": "Kabupaten Sukoharjo",
          "type": "Kabupaten"
        },
        {
          "code": "33.28",
          "name": "Kabupaten Tegal",
          "type": "Kabupaten"
        },
        {
          "code": "33.23",
          "name": "Kabupaten Temanggung",
          "type": "Kabupaten"
        },
        {
          "code": "33.12",
          "name": "Kabupaten Wonogiri",
          "type": "Kabupaten"
        },
        {
          "code": "33.07",
          "name": "Kabupaten Wonosobo",
          "type": "Kabupaten"
        },
        {
          "code": "33.71",
          "name": "Kota Magelang",
          "type": "Kota"
        },
        {
          "code": "33.75",
          "name": "Kota Pekalongan",
          "type": "Kota"
        },
        {
          "code": "33.73",
          "name": "Kota Salatiga",
          "type": "Kota"
        },
        {
          "code": "33.74",
          "name": "Kota Semarang",
          "type": "Kota"
        },
        {
          "code": "33.72",
          "name": "Kota Surakarta",
          "type": "Kota"
        },
        {
          "code": "33.76",
          "name": "Kota Tegal",
          "type": "Kota"
        }
      ]
    },
    {
      "code": "35",
      "name": "Jawa Timur",
      "regencies": [
        {
          "code": "35.26",
          "name": "Kabupaten Bangkalan",
          "type": "Kabupaten"
        },
        {
          "code": "35.10",
          "name": "Kabupaten Banyuwangi",
          "type": "Kabupaten"
        },
        {
          "code": "35.05",
          "name": "Kabupaten Blitar",
          "type": "Kabupaten"
        },
        {
          "code": "35.22",
          "name": "Kabupaten Bojonegoro",
          "type": "Kabupaten"
        },
        {
          "code": "35.11",
          "name": "Kabupaten Bondowoso",
          "type": "Kabupaten"
        },
        {
          "code": "35.25",
          "name": "Kabupaten Gresik",
          "type": "Kabupaten"
        },
        {
          "code": "35.09",
          "name": "Kabupaten Jember",
          "type": "Kabupaten"
        },
        {
          "code": "35.17",
          "name": "Kabupaten Jombang",
          "type": "Kabupaten"
        },
        {
          "code": "35.06",
          "name": "Kabupaten Kediri",
          "type": "Kabupaten"
        },
        {
          "code": "35.24",
          "name": "Kabupaten Lamongan",
          "type": "Kabupaten"
        },
        {
          "code": "35.08",
          "name": "Kabupaten Lumajang",
          "type": "Kabupaten"
        },
        {
          "code": "35.19",
          "name": "Kabupaten Madiun",
          "type": "Kabupaten"
        },
        {
          "code": "35.20",
          "name": "Kabupaten Magetan",
          "type": "Kabupaten"
        },
        {
          "code": "35.07",
          "name": "Kabupaten Malang",
          "type": "Kabupaten"
        },
        {
          "code": "35.16",
          "name": "Kabupaten Mojokerto",
          "type": "Kabupaten"
        },
        {
          "code": "35.18",
          "name": "Kabupaten Nganjuk",
          "type": "Kabupaten"
        },
        {
          "code": "35.21",
          "name": "Kabupaten Ngawi",
          "type": "Kabupaten"
        },
        {
          "code": "35.01",
          "name": "Kabupaten Pacitan",
          "type": "Kabupaten"
        },
        {
          "code": "35.28",
          "name": "Kabupaten Pamekasan",
          "type": "Kabupaten"
        },
        {
          "code": "35.14",
          "name": "Kabupaten Pasuruan",
          "type": "Kabupaten"
        },
        {
          "code": "35.02",
          "name": "Kabupaten Ponorogo",
          "type": "Kabupaten"
        },
        {
          "code": "35.13",
          "name": "Kabupaten Probolinggo",
          "type": "Kabupaten"
        },
        {
          "code": "35.27",
          "name": "Kabupaten Sampang",
          "type": "Kabupaten"
        },
        {
          "code": "35.15",
          "name": "Kabupaten Sidoarjo",
          "type": "Kabupaten"
        },
        {
          "code": "35.12",
          "name": "Kabupaten Situbondo",
          "type": "Kabupaten"
        },
        {
          "code": "35.29",
          "name": "Kabupaten Sumenep",
          "type": "Kabupaten"
        },
        {
          "code": "35.03",
          "name": "Kabupaten Trenggalek",
          "type": "Kabupaten"
        },
        {
          "code": "35.23",
          "name": "Kabupaten Tuban",
          "type": "Kabupaten"
        },
        {
          "code": "35.04",
          "name": "Kabupaten Tulungagung",
          "type": "Kabupaten"
        },
        {
          "code": "35.79",
          "name": "Kota Batu",
          "type": "Kota"
        },
        {
          "code": "35.72",
          "name": "Kota Blitar",
          "type": "Kota"
        },
        {
          "code": "35.71",
          "name": "Kota Kediri",
          "type": "Kota"
        },
        {
          "code": "35.77",
          "name": "Kota Madiun",
          "type": "Kota"
        },
        {
          "code": "35.73",
          "name": "Kota Malang",
          "type": "Kota"
        },
        {
          "code": "35.76",
          "name": "Kota Mojokerto",
          "type": "Kota"
        },
        {
          "code": "35.75",
          "name": "Kota Pasuruan",
          "type": "Kota"
        },
        {
          "code": "35.74",
          "name": "Kota Probolinggo",
          "type": "Kota"
        },
        {
          "code": "35.78",
          "name": "Kota Surabaya",
          "type": "Kota"
        }
      ]
    },
    {
      "code": "61",
      "name": "Kalimantan Barat",
      "regencies": [
        {
          "code": "61.07",
          "name": "Kabupaten Bengkayang",
          "type": "Kabupaten"
        },
        {
          "code": "61.06",
          "name": "Kabupaten Kapuas Hulu",
          "type": "Kabupaten"
        },
        {
          "code": "61.11",
          "name": "Kabupaten Kayong Utara",
          "type": "Kabupaten"
        },
        {
          "code": "61.04",
          "name": "Kabupaten Ketapang",
          "type": "Kabupaten"
        },
        {
          "code": "61.12",
          "name": "Kabupaten Kubu Raya",
          "type": "Kabupaten"
        },
        {
          "code": "61.08",
          "name": "Kabupaten Landak",
          "type": "Kabupaten"
        },
        {
          "code": "61.10",
          "name": "Kabupaten Melawi",
          "type": "Kabupaten"
        },
        {
          "code": "61.02",
          "name": "Kabupaten Mempawah",
          "type": "Kabupaten"
        },
        {
          "code": "61.01",
          "name": "Kabupaten Sambas",
          "type": "Kabupaten"
        },
        {
          "code": "61.03",
          "name": "Kabupaten Sanggau",
          "type": "Kabupaten"
        },
        {
          "code": "61.09",
          "name": "Kabupaten Sekadau",
          "type": "Kabupaten"
        },
        {
          "code": "61.05",
          "name": "Kabupaten Sintang",
          "type": "Kabupaten"
        },
        {
          "code": "61.71",
          "name": "Kota Pontianak",
          "type": "Kota"
        },
        {
          "code": "61.72",
          "name": "Kota Singkawang",
          "type": "Kota"
        }
      ]
    },
    {
      "code": "63",
      "name": "Kalimantan Selatan",
      "regencies": [
        {
          "code": "63.11",
          "name": "Kabupaten Balangan",
          "type": "Kabupaten"
        },
        {
          "code": "63.03",
          "name": "Kabupaten Banjar",
          "type": "Kabupaten"
        },
        {
          "code": "63.04",
          "name": "Kabupaten Barito Kuala",
          "type": "Kabupaten"
        },
        {
          "code": "63.06",
          "name": "Kabupaten Hulu Sungai Selatan",
          "type": "Kabupaten"
        },
        {
          "code": "63.07",
          "name": "Kabupaten Hulu Sungai Tengah",
          "type": "Kabupaten"
        },
        {
          "code": "63.08",
          "name": "Kabupaten Hulu Sungai Utara",
          "type": "Kabupaten"
        },
        {
          "code": "63.02",
          "name": "Kabupaten Kotabaru",
          "type": "Kabupaten"
        },
        {
          "code": "63.09",
          "name": "Kabupaten Tabalong",
          "type": "Kabupaten"
        },
        {
          "code": "63.10",
          "name": "Kabupaten Tanah Bumbu",
          "type": "Kabupaten"
        },
        {
          "code": "63.01",
          "name": "Kabupaten Tanah Laut",
          "type": "Kabupaten"
        },
        {
          "code": "63.05",
          "name": "Kabupaten Tapin",
          "type": "Kabupaten"
        },
        {
          "code": "63.72",
          "name": "Kota Banjarbaru",
          "type": "Kota"
        },
        {
          "code": "63.71",
          "name": "Kota Banjarmasin",
          "type": "Kota"
        }
      ]
    },
    {
      "code": "62",
      "name": "Kalimantan Tengah",
      "regencies": [
        {
          "code": "62.04",
          "name": "Kabupaten Barito Selatan",
          "type": "Kabupaten"
        },
        {
          "code": "62.13",
          "name": "Kabupaten Barito Timur",
          "type": "Kabupaten"
        },
        {
          "code": "62.05",
          "name": "Kabupaten Barito Utara",
          "type": "Kabupaten"
        },
        {
          "code": "62.10",
          "name": "Kabupaten Gunung Mas",
          "type": "Kabupaten"
        },
        {
          "code": "62.03",
          "name": "Kabupaten Kapuas",
          "type": "Kabupaten"
        },
        {
          "code": "62.06",
          "name": "Kabupaten Katingan",
          "type": "Kabupaten"
        },
        {
          "code": "62.01",
          "name": "Kabupaten Kotawaringin Barat",
          "type": "Kabupaten"
        },
        {
          "code": "62.02",
          "name": "Kabupaten Kotawaringin Timur",
          "type": "Kabupaten"
        },
        {
          "code": "62.09",
          "name": "Kabupaten Lamandau",
          "type": "Kabupaten"
        },
        {
          "code": "62.12",
          "name": "Kabupaten Murung Raya",
          "type": "Kabupaten"
        },
        {
          "code": "62.11",
          "name": "Kabupaten Pulang Pisau",
          "type": "Kabupaten"
        },
        {
          "code": "62.07",
          "name": "Kabupaten Seruyan",
          "type": "Kabupaten"
        },
        {
          "code": "62.08",
          "name": "Kabupaten Sukamara",
          "type": "Kabupaten"
        },
        {
          "code": "62.71",
          "name": "Kota Palangkaraya",
          "type": "Kota"
        }
      ]
    },
    {
      "code": "64",
      "name": "Kalimantan Timur",
      "regencies": [
        {
          "code": "64.03",
          "name": "Kabupaten Berau",
          "type": "Kabupaten"
        },
        {
          "code": "64.07",
          "name": "Kabupaten Kutai Barat",
          "type": "Kabupaten"
        },
        {
          "code": "64.02",
          "name": "Kabupaten Kutai Kartanegara",
          "type": "Kabupaten"
        },
        {
          "code": "64.08",
          "name": "Kabupaten Kutai Timur",
          "type": "Kabupaten"
        },
        {
          "code": "64.11",
          "name": "Kabupaten Mahakam Ulu",
          "type": "Kabupaten"
        },
        {
          "code": "64.01",
          "name": "Kabupaten Paser",
          "type": "Kabupaten"
        },
        {
          "code": "64.09",
          "name": "Kabupaten Penajam Paser Utara",
          "type": "Kabupaten"
        },
        {
          "code": "64.71",
          "name": "Kota Balikpapan",
          "type": "Kota"
        },
        {
          "code": "64.74",
          "name": "Kota Bontang",
          "type": "Kota"
        },
        {
          "code": "64.72",
          "name": "Kota Samarinda",
          "type": "Kota"
        }
      ]
    },
    {
      "code": "65",
      "name": "Kalimantan Utara",
      "regencies": [
        {
          "code": "65.01",
          "name": "Kabupaten Bulungan",
          "type": "Kabupaten"
        },
        {
          "code": "65.02",
          "name": "Kabupaten Malinau",
          "type": "Kabupaten"
        },
        {
          "code": "65.03",
          "name": "Kabupaten Nunukan",
          "type": "Kabupaten"
        },
        {
          "code": "65.04",
          "name": "Kabupaten Tana Tidung",
          "type": "Kabupaten"
        },
        {
          "code": "65.71",
          "name": "Kota Tarakan",
          "type": "Kota"
        }
      ]
    },
    {
      "code": "19",
      "name": "Kepulauan Bangka Belitung",
      "regencies": [
        {
          "code": "19.01",
          "name": "Kabupaten Bangka",
          "type": "Kabupaten"
        },
        {
          "code": "19.05",
          "name": "Kabupaten Bangka Barat",
          "type": "Kabupaten"
        },
        {
          "code": "19.03",
          "name": "Kabupaten Bangka Selatan",
          "type": "Kabupaten"
        },
        {
          "code": "19.04",
          "name": "Kabupaten Bangka Tengah",
          "type": "Kabupaten"
        },
        {
          "code": "19.02",
          "name": "Kabupaten Belitung",
          "type": "Kabupaten"
        },
        {
          "code": "19.06",
          "name": "Kabupaten Belitung Timur",
          "type": "Kabupaten"
        },
        {
          "code": "19.71",
          "name": "Kota Pangkal Pinang",
          "type": "Kota"
        }
      ]
    },
    {
      "code": "21",
      "name": "Kepulauan Riau",
      "regencies": [
        {
          "code": "21.01",
          "name": "Kabupaten Bintan",
          "type": "Kabupaten"
        },
        {
          "code": "21.02",
          "name": "Kabupaten Karimun",
          "type": "Kabupaten"
        },
        {
          "code": "21.05",
          "name": "Kabupaten Kepulauan Anambas",
          "type": "Kabupaten"
        },
        {
          "code": "21.04",
          "name": "Kabupaten Lingga",
          "type": "Kabupaten"
        },
        {
          "code": "21.03",
          "name": "Kabupaten Natuna",
          "type": "Kabupaten"
        },
        {
          "code": "21.71",
          "name": "Kota Batam",
          "type": "Kota"
        },
        {
          "code": "21.72",
          "name": "Kota Tanjung Pinang",
          "type": "Kota"
        }
      ]
    },
    {
      "code": "18",
      "name": "Lampung",
      "regencies": [
        {
          "code": "18.04",
          "name": "Kabupaten Lampung Barat",
          "type": "Kabupaten"
        },
        {
          "code": "18.01",
          "name": "Kabupaten Lampung Selatan",
          "type": "Kabupaten"
        },
        {
          "code": "18.02",
          "name": "Kabupaten Lampung Tengah",
          "type": "Kabupaten"
        },
        {
          "code": "18.07",
          "name": "Kabupaten Lampung Timur",
          "type": "Kabupaten"
        },
        {
          "code": "18.03",
          "name": "Kabupaten Lampung Utara",
          "type": "Kabupaten"
        },
        {
          "code": "18.11",
          "name": "Kabupaten Mesuji",
          "type": "Kabupaten"
        },
        {
          "code": "18.09",
          "name": "Kabupaten Pesawaran",
          "type": "Kabupaten"
        },
        {
          "code": "18.13",
          "name": "Kabupaten Pesisir Barat",
          "type": "Kabupaten"
        },
        {
          "code": "18.10",
          "name": "Kabupaten Pringsewu",
          "type": "Kabupaten"
        },
        {
          "code": "18.06",
          "name": "Kabupaten Tanggamus",
          "type": "Kabupaten"
        },
        {
          "code": "18.05",
          "name": "Kabupaten Tulang Bawang",
          "type": "Kabupaten"
        },
        {
          "code": "18.12",
          "name": "Kabupaten Tulang Bawang Barat",
          "type": "Kabupaten"
        },
        {
          "code": "18.08",
          "name": "Kabupaten Way Kanan",
          "type": "Kabupaten"
        },
        {
          "code": "18.71",
          "name": "Kota Bandar Lampung",
          "type": "Kota"
        },
        {
          "code": "18.72",
          "name": "Kota Metro",
          "type": "Kota"
        }
      ]
    },
    {
      "code": "81",
      "name": "Maluku",
      "regencies": [
        {
          "code": "81.04",
          "name": "Kabupaten Buru",
          "type": "Kabupaten"
        },
        {
          "code": "81.09",
          "name": "Kabupaten Buru Selatan",
          "type": "Kabupaten"
        },
        {
          "code": "81.07",
          "name": "Kabupaten Kepulauan Aru",
          "type": "Kabupaten"
        },
        {
          "code": "81.03",
          "name": "Kabupaten Kepulauan Tanimbar",
          "type": "Kabupaten"
        },
        {
          "code": "81.08",
          "name": "Kabupaten Maluku Barat Daya",
          "type": "Kabupaten"
        },
        {
          "code": "81.01",
          "name": "Kabupaten Maluku Tengah",
          "type": "Kabupaten"
        },
        {
          "code": "81.02",
          "name": "Kabupaten Maluku Tenggara",
          "type": "Kabupaten"
        },
        {
          "code": "81.06",
          "name": "Kabupaten Seram Bagian Barat",
          "type": "Kabupaten"
        },
        {
          "code": "81.05",
          "name": "Kabupaten Seram Bagian Timur",
          "type": "Kabupaten"
        },
        {
          "code": "81.71",
          "name": "Kota Ambon",
          "type": "Kota"
        },
        {
          "code": "81.72",
          "name": "Kota Tual",
          "type": "Kota"
        }
      ]
    },
    {
      "code": "82",
      "name": "Maluku Utara",
      "regencies": [
        {
          "code": "82.01",
          "name": "Kabupaten Halmahera Barat",
          "type": "Kabupaten"
        },
        {
          "code": "82.04",
          "name": "Kabupaten Halmahera Selatan",
          "type": "Kabupaten"
        },
        {
          "code": "82.02",
          "name": "Kabupaten Halmahera Tengah",
          "type": "Kabupaten"
        },
        {
          "code": "82.06",
          "name": "Kabupaten Halmahera Timur",
          "type": "Kabupaten"
        },
        {
          "code": "82.03",
          "name": "Kabupaten Halmahera Utara",
          "type": "Kabupaten"
        },
        {
          "code": "82.05",
          "name": "Kabupaten Kepulauan Sula",
          "type": "Kabupaten"
        },
        {
          "code": "82.07",
          "name": "Kabupaten Pulau Morotai",
          "type": "Kabupaten"
        },
        {
          "code": "82.08",
          "name": "Kabupaten Pulau Taliabu",
          "type": "Kabupaten"
        },
        {
          "code": "82.71",
          "name": "Kota Ternate",
          "type": "Kota"
        },
        {
          "code": "82.72",
          "name": "Kota Tidore Kepulauan",
          "type": "Kota"
        }
      ]
    },
    {
      "code": "52",
      "name": "Nusa Tenggara Barat",
      "regencies": [
        {
          "code": "52.06",
          "name": "Kabupaten Bima",
          "type": "Kabupaten"
        },
        {
          "code": "52.05",
          "name": "Kabupaten Dompu",
          "type": "Kabupaten"
        },
        {
          "code": "52.01",
          "name": "Kabupaten Lombok Barat",
          "type": "Kabupaten"
        },
        {
          "code": "52.02",
          "name": "Kabupaten Lombok Tengah",
          "type": "Kabupaten"
        },
        {
          "code": "52.03",
          "name": "Kabupaten Lombok Timur",
          "type": "Kabupaten"
        },
        {
          "code": "52.08",
          "name": "Kabupaten Lombok Utara",
          "type": "Kabupaten"
        },
        {
          "code": "52.04",
          "name": "Kabupaten Sumbawa",
          "type": "Kabupaten"
        },
        {
          "code": "52.07",
          "name": "Kabupaten Sumbawa Barat",
          "type": "Kabupaten"
        },
        {
          "code": "52.72",
          "name": "Kota Bima",
          "type": "Kota"
        },
        {
          "code": "52.71",
          "name": "Kota Mataram",
          "type": "Kota"
        }
      ]
    },
    {
      "code": "53",
      "name": "Nusa Tenggara Timur",
      "regencies": [
        {
          "code": "53.02",
          "name": "Kab Timor Tengah Selatan",
          "type": "Kabupaten"
        },
        {
          "code": "53.05",
          "name": "Kabupaten Alor",
          "type": "Kabupaten"
        },
        {
          "code": "53.04",
          "name": "Kabupaten Belu",
          "type": "Kabupaten"
        },
        {
          "code": "53.08",
          "name": "Kabupaten Ende",
          "type": "Kabupaten"
        },
        {
          "code": "53.06",
          "name": "Kabupaten Flores Timur",
          "type": "Kabupaten"
        },
        {
          "code": "53.01",
          "name": "Kabupaten Kupang",
          "type": "Kabupaten"
        },
        {
          "code": "53.13",
          "name": "Kabupaten Lembata",
          "type": "Kabupaten"
        },
        {
          "code": "53.21",
          "name": "Kabupaten Malaka",
          "type": "Kabupaten"
        },
        {
          "code": "53.10",
          "name": "Kabupaten Manggarai",
          "type": "Kabupaten"
        },
        {
          "code": "53.15",
          "name": "Kabupaten Manggarai Barat",
          "type": "Kabupaten"
        },
        {
          "code": "53.19",
          "name": "Kabupaten Manggarai Timur",
          "type": "Kabupaten"
        },
        {
          "code": "53.16",
          "name": "Kabupaten Nagekeo",
          "type": "Kabupaten"
        },
        {
          "code": "53.09",
          "name": "Kabupaten Ngada",
          "type": "Kabupaten"
        },
        {
          "code": "53.14",
          "name": "Kabupaten Rote Ndao",
          "type": "Kabupaten"
        },
        {
          "code": "53.20",
          "name": "Kabupaten Sabu Raijua",
          "type": "Kabupaten"
        },
        {
          "code": "53.07",
          "name": "Kabupaten Sikka",
          "type": "Kabupaten"
        },
        {
          "code": "53.12",
          "name": "Kabupaten Sumba Barat",
          "type": "Kabupaten"
        },
        {
          "code": "53.18",
          "name": "Kabupaten Sumba Barat Daya",
          "type": "Kabupaten"
        },
        {
          "code": "53.17",
          "name": "Kabupaten Sumba Tengah",
          "type": "Kabupaten"
        },
        {
          "code": "53.11",
          "name": "Kabupaten Sumba Timur",
          "type": "Kabupaten"
        },
        {
          "code": "53.03",
          "name": "Kabupaten Timor Tengah Utara",
          "type": "Kabupaten"
        },
        {
          "code": "53.71",
          "name": "Kota Kupang",
          "type": "Kota"
        }
      ]
    },
    {
      "code": "91",
      "name": "Papua",
      "regencies": [
        {
          "code": "91.06",
          "name": "Kabupaten Biak Numfor",
          "type": "Kabupaten"
        },
        {
          "code": "91.03",
          "name": "Kabupaten Jayapura",
          "type": "Kabupaten"
        },
        {
          "code": "91.11",
          "name": "Kabupaten Keerom",
          "type": "Kabupaten"
        },
        {
          "code": "91.05",
          "name": "Kabupaten Kepulauan Yapen",
          "type": "Kabupaten"
        },
        {
          "code": "91.20",
          "name": "Kabupaten Mamberamo Raya",
          "type": "Kabupaten"
        },
        {
          "code": "91.10",
          "name": "Kabupaten Sarmi",
          "type": "Kabupaten"
        },
        {
          "code": "91.19",
          "name": "Kabupaten Supiori",
          "type": "Kabupaten"
        },
        {
          "code": "91.15",
          "name": "Kabupaten Waropen",
          "type": "Kabupaten"
        },
        {
          "code": "91.71",
          "name": "Kota Jayapura",
          "type": "Kota"
        }
      ]
    },
    {
      "code": "92",
      "name": "Papua Barat",
      "regencies": [
        {
          "code": "92.03",
          "name": "Kabupaten Fak Fak",
          "type": "Kabupaten"
        },
        {
          "code": "92.08",
          "name": "Kabupaten Kaimana",
          "type": "Kabupaten"
        },
        {
          "code": "92.02",
          "name": "Kabupaten Manokwari",
          "type": "Kabupaten"
        },
        {
          "code": "92.11",
          "name": "Kabupaten Manokwari Selatan",
          "type": "Kabupaten"
        },
        {
          "code": "92.12",
          "name": "Kabupaten Pegunungan Arfak",
          "type": "Kabupaten"
        },
        {
          "code": "92.06",
          "name": "Kabupaten Teluk Bintuni",
          "type": "Kabupaten"
        },
        {
          "code": "92.07",
          "name": "Kabupaten Teluk Wondama",
          "type": "Kabupaten"
        }
      ]
    },
    {
      "code": "96",
      "name": "Papua Barat Daya",
      "regencies": [
        {
          "code": "96.05",
          "name": "Kabupaten Maybrat",
          "type": "Kabupaten"
        },
        {
          "code": "96.03",
          "name": "Kabupaten Raja Ampat",
          "type": "Kabupaten"
        },
        {
          "code": "96.01",
          "name": "Kabupaten Sorong",
          "type": "Kabupaten"
        },
        {
          "code": "96.02",
          "name": "Kabupaten Sorong Selatan",
          "type": "Kabupaten"
        },
        {
          "code": "96.04",
          "name": "Kabupaten Tambrauw",
          "type": "Kabupaten"
        },
        {
          "code": "96.71",
          "name": "Kota Sorong",
          "type": "Kota"
        }
      ]
    },
    {
      "code": "95",
      "name": "Papua Pegunungan",
      "regencies": [
        {
          "code": "95.02",
          "name": "Kab Pegunungan Bintang",
          "type": "Kabupaten"
        },
        {
          "code": "95.01",
          "name": "Kabupaten Jayawijaya",
          "type": "Kabupaten"
        },
        {
          "code": "95.07",
          "name": "Kabupaten Lanny Jaya",
          "type": "Kabupaten"
        },
        {
          "code": "95.05",
          "name": "Kabupaten Mamberamo Tengah",
          "type": "Kabupaten"
        },
        {
          "code": "95.08",
          "name": "Kabupaten Nduga",
          "type": "Kabupaten"
        },
        {
          "code": "95.04",
          "name": "Kabupaten Tolikara",
          "type": "Kabupaten"
        },
        {
          "code": "95.03",
          "name": "Kabupaten Yahukimo",
          "type": "Kabupaten"
        },
        {
          "code": "95.06",
          "name": "Kabupaten Yalimo",
          "type": "Kabupaten"
        }
      ]
    },
    {
      "code": "93",
      "name": "Papua Selatan",
      "regencies": [
        {
          "code": "93.04",
          "name": "Kabupaten Asmat",
          "type": "Kabupaten"
        },
        {
          "code": "93.02",
          "name": "Kabupaten Boven Digoel",
          "type": "Kabupaten"
        },
        {
          "code": "93.03",
          "name": "Kabupaten Mappi",
          "type": "Kabupaten"
        },
        {
          "code": "93.01",
          "name": "Kabupaten Merauke",
          "type": "Kabupaten"
        }
      ]
    },
    {
      "code": "94",
      "name": "Papua Tengah",
      "regencies": [
        {
          "code": "94.08",
          "name": "Kabupaten Deiyai",
          "type": "Kabupaten"
        },
        {
          "code": "94.06",
          "name": "Kabupaten Dogiyai",
          "type": "Kabupaten"
        },
        {
          "code": "94.07",
          "name": "Kabupaten Intan Jaya",
          "type": "Kabupaten"
        },
        {
          "code": "94.04",
          "name": "Kabupaten Mimika",
          "type": "Kabupaten"
        },
        {
          "code": "94.01",
          "name": "Kabupaten Nabire",
          "type": "Kabupaten"
        },
        {
          "code": "94.03",
          "name": "Kabupaten Paniai",
          "type": "Kabupaten"
        },
        {
          "code": "94.05",
          "name": "Kabupaten Puncak",
          "type": "Kabupaten"
        },
        {
          "code": "94.02",
          "name": "Kabupaten Puncak Jaya",
          "type": "Kabupaten"
        }
      ]
    },
    {
      "code": "14",
      "name": "Riau",
      "regencies": [
        {
          "code": "14.03",
          "name": "Kabupaten Bengkalis",
          "type": "Kabupaten"
        },
        {
          "code": "14.04",
          "name": "Kabupaten Indragiri Hilir",
          "type": "Kabupaten"
        },
        {
          "code": "14.02",
          "name": "Kabupaten Indragiri Hulu",
          "type": "Kabupaten"
        },
        {
          "code": "14.01",
          "name": "Kabupaten Kampar",
          "type": "Kabupaten"
        },
        {
          "code": "14.10",
          "name": "Kabupaten Kepulauan Meranti",
          "type": "Kabupaten"
        },
        {
          "code": "14.09",
          "name": "Kabupaten Kuantan Singingi",
          "type": "Kabupaten"
        },
        {
          "code": "14.05",
          "name": "Kabupaten Pelalawan",
          "type": "Kabupaten"
        },
        {
          "code": "14.07",
          "name": "Kabupaten Rokan Hilir",
          "type": "Kabupaten"
        },
        {
          "code": "14.06",
          "name": "Kabupaten Rokan Hulu",
          "type": "Kabupaten"
        },
        {
          "code": "14.08",
          "name": "Kabupaten Siak",
          "type": "Kabupaten"
        },
        {
          "code": "14.72",
          "name": "Kota Dumai",
          "type": "Kota"
        },
        {
          "code": "14.71",
          "name": "Kota Pekanbaru",
          "type": "Kota"
        }
      ]
    },
    {
      "code": "76",
      "name": "Sulawesi Barat",
      "regencies": [
        {
          "code": "76.05",
          "name": "Kabupaten Majene",
          "type": "Kabupaten"
        },
        {
          "code": "76.03",
          "name": "Kabupaten Mamasa",
          "type": "Kabupaten"
        },
        {
          "code": "76.02",
          "name": "Kabupaten Mamuju",
          "type": "Kabupaten"
        },
        {
          "code": "76.06",
          "name": "Kabupaten Mamuju Tengah",
          "type": "Kabupaten"
        },
        {
          "code": "76.01",
          "name": "Kabupaten Pasangkayu",
          "type": "Kabupaten"
        },
        {
          "code": "76.04",
          "name": "Kabupaten Polewali Mandar",
          "type": "Kabupaten"
        }
      ]
    },
    {
      "code": "73",
      "name": "Sulawesi Selatan",
      "regencies": [
        {
          "code": "73.03",
          "name": "Kabupaten Bantaeng",
          "type": "Kabupaten"
        },
        {
          "code": "73.11",
          "name": "Kabupaten Barru",
          "type": "Kabupaten"
        },
        {
          "code": "73.08",
          "name": "Kabupaten Bone",
          "type": "Kabupaten"
        },
        {
          "code": "73.02",
          "name": "Kabupaten Bulukumba",
          "type": "Kabupaten"
        },
        {
          "code": "73.16",
          "name": "Kabupaten Enrekang",
          "type": "Kabupaten"
        },
        {
          "code": "73.06",
          "name": "Kabupaten Gowa",
          "type": "Kabupaten"
        },
        {
          "code": "73.04",
          "name": "Kabupaten Jeneponto",
          "type": "Kabupaten"
        },
        {
          "code": "73.01",
          "name": "Kabupaten Kepulauan Selayar",
          "type": "Kabupaten"
        },
        {
          "code": "73.17",
          "name": "Kabupaten Luwu",
          "type": "Kabupaten"
        },
        {
          "code": "73.24",
          "name": "Kabupaten Luwu Timur",
          "type": "Kabupaten"
        },
        {
          "code": "73.22",
          "name": "Kabupaten Luwu Utara",
          "type": "Kabupaten"
        },
        {
          "code": "73.09",
          "name": "Kabupaten Maros",
          "type": "Kabupaten"
        },
        {
          "code": "73.10",
          "name": "Kabupaten Pangkajene dan Kepulauan",
          "type": "Kabupaten"
        },
        {
          "code": "73.15",
          "name": "Kabupaten Pinrang",
          "type": "Kabupaten"
        },
        {
          "code": "73.14",
          "name": "Kabupaten Sidenreng Rappang",
          "type": "Kabupaten"
        },
        {
          "code": "73.07",
          "name": "Kabupaten Sinjai",
          "type": "Kabupaten"
        },
        {
          "code": "73.12",
          "name": "Kabupaten Soppeng",
          "type": "Kabupaten"
        },
        {
          "code": "73.05",
          "name": "Kabupaten Takalar",
          "type": "Kabupaten"
        },
        {
          "code": "73.18",
          "name": "Kabupaten Tana Toraja",
          "type": "Kabupaten"
        },
        {
          "code": "73.26",
          "name": "Kabupaten Toraja Utara",
          "type": "Kabupaten"
        },
        {
          "code": "73.13",
          "name": "Kabupaten Wajo",
          "type": "Kabupaten"
        },
        {
          "code": "73.71",
          "name": "Kota Makassar",
          "type": "Kota"
        },
        {
          "code": "73.73",
          "name": "Kota Palopo",
          "type": "Kota"
        },
        {
          "code": "73.72",
          "name": "Kota Parepare",
          "type": "Kota"
        }
      ]
    },
    {
      "code": "72",
      "name": "Sulawesi Tengah",
      "regencies": [
        {
          "code": "72.01",
          "name": "Kabupaten Banggai",
          "type": "Kabupaten"
        },
        {
          "code": "72.07",
          "name": "Kabupaten Banggai Kepulauan",
          "type": "Kabupaten"
        },
        {
          "code": "72.11",
          "name": "Kabupaten Banggai Laut",
          "type": "Kabupaten"
        },
        {
          "code": "72.05",
          "name": "Kabupaten Buol",
          "type": "Kabupaten"
        },
        {
          "code": "72.03",
          "name": "Kabupaten Donggala",
          "type": "Kabupaten"
        },
        {
          "code": "72.06",
          "name": "Kabupaten Morowali",
          "type": "Kabupaten"
        },
        {
          "code": "72.12",
          "name": "Kabupaten Morowali Utara",
          "type": "Kabupaten"
        },
        {
          "code": "72.08",
          "name": "Kabupaten Parigi Moutong",
          "type": "Kabupaten"
        },
        {
          "code": "72.02",
          "name": "Kabupaten Poso",
          "type": "Kabupaten"
        },
        {
          "code": "72.10",
          "name": "Kabupaten Sigi",
          "type": "Kabupaten"
        },
        {
          "code": "72.09",
          "name": "Kabupaten Tojo Una Una",
          "type": "Kabupaten"
        },
        {
          "code": "72.04",
          "name": "Kabupaten Toli-Toli",
          "type": "Kabupaten"
        },
        {
          "code": "72.71",
          "name": "Kota Palu",
          "type": "Kota"
        }
      ]
    },
    {
      "code": "74",
      "name": "Sulawesi Tenggara",
      "regencies": [
        {
          "code": "74.06",
          "name": "Kabupaten Bombana",
          "type": "Kabupaten"
        },
        {
          "code": "74.04",
          "name": "Kabupaten Buton",
          "type": "Kabupaten"
        },
        {
          "code": "74.15",
          "name": "Kabupaten Buton Selatan",
          "type": "Kabupaten"
        },
        {
          "code": "74.14",
          "name": "Kabupaten Buton Tengah",
          "type": "Kabupaten"
        },
        {
          "code": "74.10",
          "name": "Kabupaten Buton Utara",
          "type": "Kabupaten"
        },
        {
          "code": "74.01",
          "name": "Kabupaten Kolaka",
          "type": "Kabupaten"
        },
        {
          "code": "74.11",
          "name": "Kabupaten Kolaka Timur",
          "type": "Kabupaten"
        },
        {
          "code": "74.08",
          "name": "Kabupaten Kolaka Utara",
          "type": "Kabupaten"
        },
        {
          "code": "74.02",
          "name": "Kabupaten Konawe",
          "type": "Kabupaten"
        },
        {
          "code": "74.12",
          "name": "Kabupaten Konawe Kepulauan",
          "type": "Kabupaten"
        },
        {
          "code": "74.05",
          "name": "Kabupaten Konawe Selatan",
          "type": "Kabupaten"
        },
        {
          "code": "74.09",
          "name": "Kabupaten Konawe Utara",
          "type": "Kabupaten"
        },
        {
          "code": "74.03",
          "name": "Kabupaten Muna",
          "type": "Kabupaten"
        },
        {
          "code": "74.13",
          "name": "Kabupaten Muna Barat",
          "type": "Kabupaten"
        },
        {
          "code": "74.07",
          "name": "Kabupaten Wakatobi",
          "type": "Kabupaten"
        },
        {
          "code": "74.72",
          "name": "Kota Bau Bau",
          "type": "Kota"
        },
        {
          "code": "74.71",
          "name": "Kota Kendari",
          "type": "Kota"
        }
      ]
    },
    {
      "code": "71",
      "name": "Sulawesi Utara",
      "regencies": [
        {
          "code": "71.01",
          "name": "Kabupaten Bolaang Mongondow",
          "type": "Kabupaten"
        },
        {
          "code": "71.11",
          "name": "Kabupaten Bolaang Mongondow Selatan",
          "type": "Kabupaten"
        },
        {
          "code": "71.10",
          "name": "Kabupaten Bolaang Mongondow Timur",
          "type": "Kabupaten"
        },
        {
          "code": "71.08",
          "name": "Kabupaten Bolaang Mongondow Utara",
          "type": "Kabupaten"
        },
        {
          "code": "71.09",
          "name": "Kabupaten Kep. Siau Tagulandang Biaro",
          "type": "Kabupaten"
        },
        {
          "code": "71.03",
          "name": "Kabupaten Kepulauan Sangihe",
          "type": "Kabupaten"
        },
        {
          "code": "71.04",
          "name": "Kabupaten Kepulauan Talaud",
          "type": "Kabupaten"
        },
        {
          "code": "71.02",
          "name": "Kabupaten Minahasa",
          "type": "Kabupaten"
        },
        {
          "code": "71.05",
          "name": "Kabupaten Minahasa Selatan",
          "type": "Kabupaten"
        },
        {
          "code": "71.07",
          "name": "Kabupaten Minahasa Tenggara",
          "type": "Kabupaten"
        },
        {
          "code": "71.06",
          "name": "Kabupaten Minahasa Utara",
          "type": "Kabupaten"
        },
        {
          "code": "71.72",
          "name": "Kota Bitung",
          "type": "Kota"
        },
        {
          "code": "71.74",
          "name": "Kota Kotamobagu",
          "type": "Kota"
        },
        {
          "code": "71.71",
          "name": "Kota Manado",
          "type": "Kota"
        },
        {
          "code": "71.73",
          "name": "Kota Tomohon",
          "type": "Kota"
        }
      ]
    },
    {
      "code": "13",
      "name": "Sumatera Barat",
      "regencies": [
        {
          "code": "13.06",
          "name": "Kabupaten Agam",
          "type": "Kabupaten"
        },
        {
          "code": "13.10",
          "name": "Kabupaten Dharmasraya",
          "type": "Kabupaten"
        },
        {
          "code": "13.09",
          "name": "Kabupaten Kepulauan Mentawai",
          "type": "Kabupaten"
        },
        {
          "code": "13.07",
          "name": "Kabupaten Lima Puluh Kota",
          "type": "Kabupaten"
        },
        {
          "code": "13.05",
          "name": "Kabupaten Padang Pariaman",
          "type": "Kabupaten"
        },
        {
          "code": "13.08",
          "name": "Kabupaten Pasaman",
          "type": "Kabupaten"
        },
        {
          "code": "13.12",
          "name": "Kabupaten Pasaman Barat",
          "type": "Kabupaten"
        },
        {
          "code": "13.01",
          "name": "Kabupaten Pesisir Selatan",
          "type": "Kabupaten"
        },
        {
          "code": "13.03",
          "name": "Kabupaten Sijunjung",
          "type": "Kabupaten"
        },
        {
          "code": "13.02",
          "name": "Kabupaten Solok",
          "type": "Kabupaten"
        },
        {
          "code": "13.11",
          "name": "Kabupaten Solok Selatan",
          "type": "Kabupaten"
        },
        {
          "code": "13.04",
          "name": "Kabupaten Tanah Datar",
          "type": "Kabupaten"
        },
        {
          "code": "13.75",
          "name": "Kota Bukittinggi",
          "type": "Kota"
        },
        {
          "code": "13.71",
          "name": "Kota Padang",
          "type": "Kota"
        },
        {
          "code": "13.74",
          "name": "Kota Padang Panjang",
          "type": "Kota"
        },
        {
          "code": "13.77",
          "name": "Kota Pariaman",
          "type": "Kota"
        },
        {
          "code": "13.76",
          "name": "Kota Payakumbuh",
          "type": "Kota"
        },
        {
          "code": "13.73",
          "name": "Kota Sawahlunto",
          "type": "Kota"
        },
        {
          "code": "13.72",
          "name": "Kota Solok",
          "type": "Kota"
        }
      ]
    },
    {
      "code": "16",
      "name": "Sumatera Selatan",
      "regencies": [
        {
          "code": "16.07",
          "name": "Kabupaten Banyuasin",
          "type": "Kabupaten"
        },
        {
          "code": "16.11",
          "name": "Kabupaten Empat Lawang",
          "type": "Kabupaten"
        },
        {
          "code": "16.04",
          "name": "Kabupaten Lahat",
          "type": "Kabupaten"
        },
        {
          "code": "16.03",
          "name": "Kabupaten Muara Enim",
          "type": "Kabupaten"
        },
        {
          "code": "16.06",
          "name": "Kabupaten Musi Banyuasin",
          "type": "Kabupaten"
        },
        {
          "code": "16.05",
          "name": "Kabupaten Musi Rawas",
          "type": "Kabupaten"
        },
        {
          "code": "16.13",
          "name": "Kabupaten Musi Rawas Utara",
          "type": "Kabupaten"
        },
        {
          "code": "16.10",
          "name": "Kabupaten Ogan Ilir",
          "type": "Kabupaten"
        },
        {
          "code": "16.02",
          "name": "Kabupaten Ogan Komering",
          "type": "Kabupaten"
        },
        {
          "code": "16.01",
          "name": "Kabupaten Ogan Komering Ulu",
          "type": "Kabupaten"
        },
        {
          "code": "16.09",
          "name": "Kabupaten Ogan Komering Ulu Selatan",
          "type": "Kabupaten"
        },
        {
          "code": "16.08",
          "name": "Kabupaten Ogan Komering Ulu Timur",
          "type": "Kabupaten"
        },
        {
          "code": "16.12",
          "name": "Kabupaten Penukal Abab Lematang Ilir",
          "type": "Kabupaten"
        },
        {
          "code": "16.73",
          "name": "Kota Lubuk Linggau",
          "type": "Kota"
        },
        {
          "code": "16.72",
          "name": "Kota Pagar Alam",
          "type": "Kota"
        },
        {
          "code": "16.71",
          "name": "Kota Palembang",
          "type": "Kota"
        },
        {
          "code": "16.74",
          "name": "Kota Prabumulih",
          "type": "Kota"
        }
      ]
    },
    {
      "code": "12",
      "name": "Sumatera Utara",
      "regencies": [
        {
          "code": "12.09",
          "name": "Kabupaten Asahan",
          "type": "Kabupaten"
        },
        {
          "code": "12.19",
          "name": "Kabupaten Batu Bara",
          "type": "Kabupaten"
        },
        {
          "code": "12.11",
          "name": "Kabupaten Dairi",
          "type": "Kabupaten"
        },
        {
          "code": "12.07",
          "name": "Kabupaten Deli Serdang",
          "type": "Kabupaten"
        },
        {
          "code": "12.16",
          "name": "Kabupaten Humbang Hasundutan",
          "type": "Kabupaten"
        },
        {
          "code": "12.06",
          "name": "Kabupaten Karo",
          "type": "Kabupaten"
        },
        {
          "code": "12.10",
          "name": "Kabupaten Labuhanbatu",
          "type": "Kabupaten"
        },
        {
          "code": "12.22",
          "name": "Kabupaten Labuhanbatu Selatan",
          "type": "Kabupaten"
        },
        {
          "code": "12.23",
          "name": "Kabupaten Labuhanbatu Utara",
          "type": "Kabupaten"
        },
        {
          "code": "12.05",
          "name": "Kabupaten Langkat",
          "type": "Kabupaten"
        },
        {
          "code": "12.13",
          "name": "Kabupaten Mandailing Natal",
          "type": "Kabupaten"
        },
        {
          "code": "12.04",
          "name": "Kabupaten Nias",
          "type": "Kabupaten"
        },
        {
          "code": "12.25",
          "name": "Kabupaten Nias Barat",
          "type": "Kabupaten"
        },
        {
          "code": "12.14",
          "name": "Kabupaten Nias Selatan",
          "type": "Kabupaten"
        },
        {
          "code": "12.24",
          "name": "Kabupaten Nias Utara",
          "type": "Kabupaten"
        },
        {
          "code": "12.21",
          "name": "Kabupaten Padang Lawas",
          "type": "Kabupaten"
        },
        {
          "code": "12.20",
          "name": "Kabupaten Padang Lawas Utara",
          "type": "Kabupaten"
        },
        {
          "code": "12.15",
          "name": "Kabupaten Pakpak Bharat",
          "type": "Kabupaten"
        },
        {
          "code": "12.17",
          "name": "Kabupaten Samosir",
          "type": "Kabupaten"
        },
        {
          "code": "12.18",
          "name": "Kabupaten Serdang Bedagai",
          "type": "Kabupaten"
        },
        {
          "code": "12.08",
          "name": "Kabupaten Simalungun",
          "type": "Kabupaten"
        },
        {
          "code": "12.03",
          "name": "Kabupaten Tapanuli Selatan",
          "type": "Kabupaten"
        },
        {
          "code": "12.01",
          "name": "Kabupaten Tapanuli Tengah",
          "type": "Kabupaten"
        },
        {
          "code": "12.02",
          "name": "Kabupaten Tapanuli Utara",
          "type": "Kabupaten"
        },
        {
          "code": "12.12",
          "name": "Kabupaten Toba",
          "type": "Kabupaten"
        },
        {
          "code": "12.75",
          "name": "Kota Binjai",
          "type": "Kota"
        },
        {
          "code": "12.78",
          "name": "Kota Gunungsitoli",
          "type": "Kota"
        },
        {
          "code": "12.71",
          "name": "Kota Medan",
          "type": "Kota"
        },
        {
          "code": "12.77",
          "name": "Kota Padangsidimpuan",
          "type": "Kota"
        },
        {
          "code": "12.72",
          "name": "Kota Pematangsiantar",
          "type": "Kota"
        },
        {
          "code": "12.73",
          "name": "Kota Sibolga",
          "type": "Kota"
        },
        {
          "code": "12.74",
          "name": "Kota Tanjungbalai",
          "type": "Kota"
        },
        {
          "code": "12.76",
          "name": "Kota Tebing Tinggi",
          "type": "Kota"
        }
      ]
    }
  ]
}